gene	baseMean	log2FoldChange	lfcSE	stat	pvalue	padj
ENSG00000160191	76936.26621398992	3.0723569047837933	0.15523175357320043	19.79206466501073	3.4847004540503275e-87	7.97996403977525e-85
ENSG00000154734	22865.744189898556	3.4424503727689637	0.17936576481259414	19.192349088276252	4.288110281306767e-82	4.909886272096248e-80
ENSG00000154723	7343.989258932721	2.5827077268515817	0.1638898703015936	15.758800236395503	5.975665473902367e-56	4.5614246450788064e-54
ENSG00000180509	30230.55629577146	2.9441516461780415	0.20003974051997556	14.717833759057713	4.952728301560033e-49	2.835436952643119e-47
ENSG00000183145	9994.630369329103	2.891432818992121	0.24885591361341272	11.618903392763416	3.303491950803222e-31	1.5129993134678756e-29
ENSG00000276289	11797.438428340041	2.860452983017276	0.4650132891220558	6.151335993897735	7.683295203619279e-10	2.932457669381358e-8
ENSG00000277277	724.5012144040359	0.9286162270286398	0.26395732419264895	3.5180544046994897	4.34723227220501e-4	0.01422165986192782
